﻿# 
# This file contains the parameter values of the Design Points successfully updated by Ansys Workbench.
# Project name: wbnew
# Creation date: 11/01/2022 15:50:57
# 
# 11/01/2022 15:50:57
# The parameters defined in the project are:
# ,P3 - Force Magnitude [N],P2 - d [mm],P4 - Normal Stress Maximum [MPa]
# 
# The following header line defines the name of the columns by reference to the parameters.
Name,P3,P2,P4
DP 0,10000,50.000000000000007,18.8514018058777
DP 1,20000,50.000000000000007,37.702791
DP 2,30000,50.000000000000007,56.554187
# 
# A non parametric change occurred and invalidated design point results.
# 11/01/2022 15:57:22
# 
# 
# 11/01/2022 16:13:28
# Parameters have been added and/or removed. The parameters now defined in the project are:
# ,P3 - Force Magnitude [N],P2 - d [mm],P4 - Normal Stress Maximum [MPa],P5 - D [mm],P6 - r [mm]
# 
# The following header line defines the name of the columns by reference to the parameters.
Name,P3,P2,P4,P5,P6
DP 1,10000,50,19.823404,55.19,2.535
DP 2,10000,50,20.610648666666666,55.38,2.57
DP 3,10000,50,17.804185,55.57,2.605
DP 4,10000,50,20.2350015,55.76,2.64
DP 5,10000,50,17.873818,55.95,2.675
DP 6,10000,50,20.174483,56.14,2.71
DP 7,10000,50,20.748096,56.33,2.745
DP 8,10000,50,20.320708,56.52,2.78
DP 9,10000,50,21.897394,56.71,2.815
DP 10,10000,50,21.625113,56.9,2.85
DP 11,10000,50,21.640313666666668,57.09,2.885
DP 12,10000,50,21.786859,57.28,2.92
DP 13,10000,50,20.258478999999998,57.47,2.955
DP 14,10000,50,21.1685405,57.66,2.99
DP 15,10000,50,19.3792615,57.85,3.025
DP 16,10000,50,21.179021,58.04,3.06
DP 17,10000,50,21.0858535,58.23,3.095
DP 18,10000,50,20.971023499999998,58.42,3.13
DP 19,10000,50,19.692792999999998,58.61,3.165
DP 20,10000,50,22.424407499999997,58.8,3.2
DP 21,10000,50,21.93780275,58.99,3.235
DP 22,10000,50,20.790544999999998,59.18,3.27
# 
# A non parametric change occurred and invalidated design point results.
# 11/01/2022 18:26:42
# 
